{
  "hash": "8d00eb9a",
  "configHash": "1d264ad0",
  "lockfileHash": "12e51e6d",
  "browserHash": "2c8e73f2",
  "optimized": {
    "@angular/cdk/bidi": {
      "src": "../../../../../../node_modules/@angular/cdk/fesm2022/bidi.mjs",
      "file": "@angular_cdk_bidi.js",
      "fileHash": "331caa6d",
      "needsInterop": false
    },
    "@angular/cdk/scrolling": {
      "src": "../../../../../../node_modules/@angular/cdk/fesm2022/scrolling.mjs",
      "file": "@angular_cdk_scrolling.js",
      "fileHash": "a9c8ec83",
      "needsInterop": false
    },
    "@angular/cdk/text-field": {
      "src": "../../../../../../node_modules/@angular/cdk/fesm2022/text-field.mjs",
      "file": "@angular_cdk_text-field.js",
      "fileHash": "10f776ac",
      "needsInterop": false
    },
    "@angular/common": {
      "src": "../../../../../../node_modules/@angular/common/fesm2022/common.mjs",
      "file": "@angular_common.js",
      "fileHash": "fe8b2d73",
      "needsInterop": false
    },
    "@angular/common/http": {
      "src": "../../../../../../node_modules/@angular/common/fesm2022/http.mjs",
      "file": "@angular_common_http.js",
      "fileHash": "40f162c7",
      "needsInterop": false
    },
    "@angular/core": {
      "src": "../../../../../../node_modules/@angular/core/fesm2022/core.mjs",
      "file": "@angular_core.js",
      "fileHash": "6b686222",
      "needsInterop": false
    },
    "@angular/forms": {
      "src": "../../../../../../node_modules/@angular/forms/fesm2022/forms.mjs",
      "file": "@angular_forms.js",
      "fileHash": "ee515ad4",
      "needsInterop": false
    },
    "@angular/material/button": {
      "src": "../../../../../../node_modules/@angular/material/fesm2022/button.mjs",
      "file": "@angular_material_button.js",
      "fileHash": "a0c9d6e4",
      "needsInterop": false
    },
    "@angular/material/card": {
      "src": "../../../../../../node_modules/@angular/material/fesm2022/card.mjs",
      "file": "@angular_material_card.js",
      "fileHash": "74e003dc",
      "needsInterop": false
    },
    "@angular/material/core": {
      "src": "../../../../../../node_modules/@angular/material/fesm2022/core.mjs",
      "file": "@angular_material_core.js",
      "fileHash": "ce9db00c",
      "needsInterop": false
    },
    "@angular/material/datepicker": {
      "src": "../../../../../../node_modules/@angular/material/fesm2022/datepicker.mjs",
      "file": "@angular_material_datepicker.js",
      "fileHash": "823131d8",
      "needsInterop": false
    },
    "@angular/material/divider": {
      "src": "../../../../../../node_modules/@angular/material/fesm2022/divider.mjs",
      "file": "@angular_material_divider.js",
      "fileHash": "c214686b",
      "needsInterop": false
    },
    "@angular/material/expansion": {
      "src": "../../../../../../node_modules/@angular/material/fesm2022/expansion.mjs",
      "file": "@angular_material_expansion.js",
      "fileHash": "07462336",
      "needsInterop": false
    },
    "@angular/material/form-field": {
      "src": "../../../../../../node_modules/@angular/material/fesm2022/form-field.mjs",
      "file": "@angular_material_form-field.js",
      "fileHash": "2d2f996d",
      "needsInterop": false
    },
    "@angular/material/icon": {
      "src": "../../../../../../node_modules/@angular/material/fesm2022/icon.mjs",
      "file": "@angular_material_icon.js",
      "fileHash": "0fe3608e",
      "needsInterop": false
    },
    "@angular/material/input": {
      "src": "../../../../../../node_modules/@angular/material/fesm2022/input.mjs",
      "file": "@angular_material_input.js",
      "fileHash": "8053589f",
      "needsInterop": false
    },
    "@angular/material/progress-spinner": {
      "src": "../../../../../../node_modules/@angular/material/fesm2022/progress-spinner.mjs",
      "file": "@angular_material_progress-spinner.js",
      "fileHash": "2ffa8b3f",
      "needsInterop": false
    },
    "@angular/material/radio": {
      "src": "../../../../../../node_modules/@angular/material/fesm2022/radio.mjs",
      "file": "@angular_material_radio.js",
      "fileHash": "960ae54e",
      "needsInterop": false
    },
    "@angular/material/select": {
      "src": "../../../../../../node_modules/@angular/material/fesm2022/select.mjs",
      "file": "@angular_material_select.js",
      "fileHash": "c485962a",
      "needsInterop": false
    },
    "@angular/material/sidenav": {
      "src": "../../../../../../node_modules/@angular/material/fesm2022/sidenav.mjs",
      "file": "@angular_material_sidenav.js",
      "fileHash": "206e43a2",
      "needsInterop": false
    },
    "@angular/material/snack-bar": {
      "src": "../../../../../../node_modules/@angular/material/fesm2022/snack-bar.mjs",
      "file": "@angular_material_snack-bar.js",
      "fileHash": "1b35ac8e",
      "needsInterop": false
    },
    "@angular/material/toolbar": {
      "src": "../../../../../../node_modules/@angular/material/fesm2022/toolbar.mjs",
      "file": "@angular_material_toolbar.js",
      "fileHash": "eb1faa3e",
      "needsInterop": false
    },
    "@angular/platform-browser": {
      "src": "../../../../../../node_modules/@angular/platform-browser/fesm2022/platform-browser.mjs",
      "file": "@angular_platform-browser.js",
      "fileHash": "41871f2a",
      "needsInterop": false
    },
    "@angular/platform-browser/animations": {
      "src": "../../../../../../node_modules/@angular/platform-browser/fesm2022/animations.mjs",
      "file": "@angular_platform-browser_animations.js",
      "fileHash": "8036d9f5",
      "needsInterop": false
    },
    "@angular/router": {
      "src": "../../../../../../node_modules/@angular/router/fesm2022/router.mjs",
      "file": "@angular_router.js",
      "fileHash": "13f4832c",
      "needsInterop": false
    },
    "ngx-owl-carousel-o": {
      "src": "../../../../../../node_modules/ngx-owl-carousel-o/fesm2022/ngx-owl-carousel-o.mjs",
      "file": "ngx-owl-carousel-o.js",
      "fileHash": "ac560e1c",
      "needsInterop": false
    },
    "rxjs": {
      "src": "../../../../../../node_modules/rxjs/dist/esm5/index.js",
      "file": "rxjs.js",
      "fileHash": "3ba2c0cc",
      "needsInterop": false
    }
  },
  "chunks": {
    "chunk-ZXEBQTWX": {
      "file": "chunk-ZXEBQTWX.js"
    },
    "chunk-LDDY2U46": {
      "file": "chunk-LDDY2U46.js"
    },
    "chunk-2ZWVVWZR": {
      "file": "chunk-2ZWVVWZR.js"
    },
    "chunk-V2ZG3SHE": {
      "file": "chunk-V2ZG3SHE.js"
    },
    "chunk-QIJPTI53": {
      "file": "chunk-QIJPTI53.js"
    },
    "chunk-GGGHT3OR": {
      "file": "chunk-GGGHT3OR.js"
    },
    "chunk-XYQ6CX4V": {
      "file": "chunk-XYQ6CX4V.js"
    },
    "chunk-RGYI7U45": {
      "file": "chunk-RGYI7U45.js"
    },
    "chunk-SRVNHGUV": {
      "file": "chunk-SRVNHGUV.js"
    },
    "chunk-OIBNGD5S": {
      "file": "chunk-OIBNGD5S.js"
    },
    "chunk-TEUNVNZY": {
      "file": "chunk-TEUNVNZY.js"
    },
    "chunk-HLH6JZ4D": {
      "file": "chunk-HLH6JZ4D.js"
    },
    "chunk-HAKT3F2B": {
      "file": "chunk-HAKT3F2B.js"
    },
    "chunk-D4S3UIPE": {
      "file": "chunk-D4S3UIPE.js"
    },
    "chunk-YZFVQ22J": {
      "file": "chunk-YZFVQ22J.js"
    },
    "chunk-B4W2DVCC": {
      "file": "chunk-B4W2DVCC.js"
    },
    "chunk-62SKBLDQ": {
      "file": "chunk-62SKBLDQ.js"
    },
    "chunk-RKCTGKSZ": {
      "file": "chunk-RKCTGKSZ.js"
    },
    "chunk-E32KOTZA": {
      "file": "chunk-E32KOTZA.js"
    },
    "chunk-2GT4KLNS": {
      "file": "chunk-2GT4KLNS.js"
    },
    "chunk-3J75H2KZ": {
      "file": "chunk-3J75H2KZ.js"
    },
    "chunk-B25KS3KM": {
      "file": "chunk-B25KS3KM.js"
    },
    "chunk-TYBQD6XX": {
      "file": "chunk-TYBQD6XX.js"
    },
    "chunk-HWINW5D7": {
      "file": "chunk-HWINW5D7.js"
    },
    "chunk-SWXCLXIV": {
      "file": "chunk-SWXCLXIV.js"
    },
    "chunk-37JVYMH4": {
      "file": "chunk-37JVYMH4.js"
    },
    "chunk-IJ3KGSPX": {
      "file": "chunk-IJ3KGSPX.js"
    },
    "chunk-HTP3JMF2": {
      "file": "chunk-HTP3JMF2.js"
    },
    "chunk-RWEDRNXS": {
      "file": "chunk-RWEDRNXS.js"
    },
    "chunk-6HPNVNJA": {
      "file": "chunk-6HPNVNJA.js"
    },
    "chunk-A25A3IJU": {
      "file": "chunk-A25A3IJU.js"
    },
    "chunk-B2WN3WFQ": {
      "file": "chunk-B2WN3WFQ.js"
    },
    "chunk-KRABRR3C": {
      "file": "chunk-KRABRR3C.js"
    },
    "chunk-WVMZWLDY": {
      "file": "chunk-WVMZWLDY.js"
    },
    "chunk-S35MAB2V": {
      "file": "chunk-S35MAB2V.js"
    }
  }
}